,Orgin,Destination,Trip Duration
0,1,2,7.94
1,1,3,11.88
2,1,4,18.14
3,1,5,22.58
4,1,6,11.74
5,1,7,13.46
6,1,8,22.05
7,1,9,19.0
8,1,10,21.08
9,1,11,30.15
10,1,12,23.88
11,1,13,28.32
12,1,14,32.52
13,1,15,56.24
14,1,16,35.33
15,1,17,57.35
16,1,18,46.46
17,1,19,29.28
18,1,20,26.11
19,1,21,11.55
20,1,22,11.98
21,1,23,18.82
22,1,24,18.47
23,1,25,26.91
24,1,26,34.66
25,1,27,30.49
26,1,28,63.83
27,1,29,34.55
28,1,30,24.99
29,1,31,30.38
30,1,32,41.95
31,1,33,104.37
32,1,34,31.74
33,1,35,28.22
34,1,36,27.11
35,1,37,18.0
36,1,38,31.99
37,1,39,17.22
38,1,40,16.56
39,1,41,23.68
40,1,42,17.58
41,1,43,21.69
42,1,44,22.66
43,1,45,23.79
44,1,46,32.23
45,1,47,43.61
46,1,48,44.21
47,1,49,44.21
48,1,50,68.72
49,1,51,45.36
50,1,52,56.63
51,1,53,62.25
52,1,54,75.04
53,1,55,51.34
54,1,56,45.34
55,1,57,40.6
56,1,58,23.93
57,1,59,16.39
58,1,60,34.48
59,1,61,32.19
60,1,62,25.65
61,1,63,37.96
62,1,64,30.64
63,2,3,11.07
64,2,4,17.75
65,2,5,10.05
66,2,6,10.05
67,2,7,10.51
68,2,8,19.1
69,2,9,16.06
70,2,10,20.92
71,2,11,31.03
72,2,12,21.22
73,2,13,25.66
74,2,14,31.77
75,2,15,55.49
76,2,16,32.66
77,2,17,54.68
78,2,18,43.79
79,2,19,26.61
80,2,20,23.17
81,2,21,10.03
82,2,22,13.89
83,2,23,20.73
84,2,24,17.05
85,2,25,28.4
86,2,26,33.18
87,2,27,29.01
88,2,28,62.48
89,2,29,31.61
90,2,30,22.05
91,2,31,27.52
92,2,32,39.1
93,2,33,55.0
94,2,34,28.88
95,2,35,25.27
96,2,36,25.39
97,2,37,16.28
98,2,38,29.14
99,2,39,15.51
100,2,40,14.84
101,2,41,21.96
102,2,42,15.86
103,2,43,19.97
104,2,44,20.94
105,2,45,22.07
106,2,46,30.51
107,2,47,41.9
108,2,48,34.06
109,2,49,42.49
110,2,50,67.0
111,2,51,43.64
112,2,52,54.91
113,2,53,60.53
114,2,54,73.32
115,2,55,49.99
116,2,56,47.63
117,2,57,42.88
118,2,58,26.21
119,2,59,18.67
120,2,60,35.37
121,2,61,34.47
122,2,62,26.53
123,2,63,38.85
124,2,64,31.52
125,3,4,22.37
126,3,5,25.08
127,3,6,13.43
128,3,7,15.75
129,3,8,24.34
130,3,9,21.58
131,3,10,25.3
132,3,11,34.37
133,3,12,26.74
134,3,13,31.18
135,3,14,36.75
136,3,15,60.46
137,3,16,38.18
138,3,17,60.21
139,3,18,49.31
140,3,19,32.13
141,3,20,28.69
142,3,21,10.33
143,3,22,12.45
144,3,23,19.29
145,3,24,17.11
146,3,25,27.38
147,3,26,33.3
148,3,27,29.14
149,3,28,62.39
150,3,29,37.13
151,3,30,27.57
152,3,31,32.07
153,3,32,43.65
154,3,33,59.55
155,3,34,33.43
156,3,35,30.51
157,3,36,28.81
158,3,37,19.7
159,3,38,33.69
160,3,39,18.9
161,3,40,18.25
162,3,41,22.53
163,3,42,19.27
164,3,43,23.37
165,3,44,24.36
166,3,45,25.47
167,3,46,33.91
168,3,47,45.3
169,3,48,37.47
170,3,49,45.89
171,3,50,70.41
172,3,51,47.04
173,3,52,58.32
174,3,53,63.93
175,3,54,75.65
176,3,55,49.9
177,3,56,45.83
178,3,57,41.09
179,3,58,24.42
180,3,59,16.88
181,3,60,36.09
182,3,61,32.68
183,3,62,27.25
184,3,63,42.19
185,3,64,34.86
186,4,5,24.59
187,4,6,22.66
188,4,7,21.68
189,4,8,20.01
190,4,9,16.49
191,4,10,18.99
192,4,11,29.3
193,4,12,21.2
194,4,13,25.64
195,4,14,29.84
196,4,15,53.56
197,4,16,5.0
198,4,17,5.0
199,4,18,43.77
200,4,19,26.59
201,4,20,23.46
202,4,21,22.48
203,4,22,22.47
204,4,23,29.31
205,4,24,29.39
206,4,25,37.4
207,4,26,45.58
208,4,27,41.41
209,4,28,74.62
210,4,29,31.91
211,4,30,22.34
212,4,31,29.0
213,4,32,41.54
214,4,33,57.44
215,4,34,36.75
216,4,35,37.43
217,4,36,34.87
218,4,37,28.92
219,4,38,33.74
220,4,39,28.14
221,4,40,27.49
222,4,41,34.6
223,4,42,28.5
224,4,43,32.61
225,4,44,33.58
226,4,45,34.71
227,4,46,43.15
228,4,47,54.54
229,4,48,46.7
230,4,49,55.13
231,4,50,79.64
232,4,51,56.28
233,4,52,67.55
234,4,53,73.17
235,4,54,85.96
236,4,55,62.13
237,4,56,55.83
238,4,57,51.09
239,4,58,34.42
240,4,59,26.88
241,4,60,40.95
242,4,61,42.68
243,4,62,34.73
244,4,63,39.2
245,4,64,31.88
246,5,6,23.51
247,5,7,18.29
248,5,8,18.87
249,5,9,18.6
250,5,10,24.83
251,5,11,35.13
252,5,12,25.13
253,5,13,29.57
254,5,14,35.68
255,5,15,59.39
256,5,16,36.57
257,5,17,58.59
258,5,18,47.7
259,5,19,30.36
260,5,20,26.74
261,5,21,24.04
262,5,22,27.9
263,5,23,34.74
264,5,24,31.06
265,5,25,42.41
266,5,26,47.19
267,5,27,43.02
268,5,28,76.49
269,5,29,34.36
270,5,30,24.97
271,5,31,29.4
272,5,32,41.94
273,5,33,57.85
274,5,34,37.16
275,5,35,34.12
276,5,36,35.28
277,5,37,29.72
278,5,38,34.15
279,5,39,28.95
280,5,40,28.29
281,5,41,35.4
282,5,42,29.31
283,5,43,33.41
284,5,44,32.64
285,5,45,35.51
286,5,46,43.15
287,5,47,54.54
288,5,48,47.5
289,5,49,55.13
290,5,50,80.44
291,5,51,57.08
292,5,52,68.35
293,5,53,73.97
294,5,54,86.76
295,5,55,64.0
296,5,56,62.27
297,5,57,57.52
298,5,58,40.85
299,5,59,33.32
300,5,60,46.83
301,5,61,49.12
302,5,62,41.17
303,5,63,45.08
304,5,64,37.75
305,6,7,13.72
306,6,8,22.31
307,6,9,20.01
308,6,10,24.87
309,6,11,35.18
310,6,12,25.17
311,6,13,29.61
312,6,14,35.72
313,6,15,59.44
314,6,16,36.61
315,6,17,58.63
316,6,18,47.74
317,6,19,30.56
318,6,20,27.12
319,6,21,12.3
320,6,22,16.19
321,6,23,23.03
322,6,24,19.32
323,6,25,30.68
324,6,26,5.0
325,6,27,31.29
326,6,28,64.76
327,6,29,35.56
328,6,30,26.0
329,6,31,28.6
330,6,32,40.18
331,6,33,56.08
332,6,34,29.96
333,6,35,28.24
334,6,36,25.33
335,6,37,16.22
336,6,38,30.22
337,6,39,15.43
338,6,40,14.78
339,6,41,21.89
340,6,42,15.8
341,6,43,19.9
342,6,44,20.88
343,6,45,22.0
344,6,46,30.44
345,6,47,41.83
346,6,48,34.0
347,6,49,42.42
348,6,50,66.93
349,6,51,43.57
350,6,52,54.84
351,6,53,60.46
352,6,54,73.25
353,6,55,75.35
354,6,56,50.99
355,6,57,46.25
356,6,58,29.58
357,6,59,22.04
358,6,60,40.28
359,6,61,37.84
360,6,62,31.44
361,6,63,43.76
362,6,64,36.43
363,7,8,13.83
364,7,9,15.69
365,7,10,21.92
366,7,11,32.22
367,7,12,22.22
368,7,13,26.66
369,7,14,32.77
370,7,15,56.48
371,7,16,33.66
372,7,17,55.68
373,7,18,44.79
374,7,19,27.45
375,7,20,23.83
376,7,21,14.62
377,7,22,18.51
378,7,23,25.35
379,7,24,21.64
380,7,25,33.0
381,7,26,37.77
382,7,27,33.61
383,7,28,67.08
384,7,29,30.82
385,7,30,21.43
386,7,31,23.32
387,7,32,34.89
388,7,33,50.8
389,7,34,24.68
390,7,35,21.07
391,7,36,22.6
392,7,37,17.41
393,7,38,24.93
394,7,39,18.3
395,7,40,17.64
396,7,41,24.76
397,7,42,18.66
398,7,43,22.47
399,7,44,19.6
400,7,45,23.74
401,7,46,30.1
402,7,47,41.49
403,7,48,34.77
404,7,49,42.09
405,7,50,68.67
406,7,51,45.31
407,7,52,56.58
408,7,53,62.2
409,7,54,74.99
410,7,55,54.59
411,7,56,53.1
412,7,57,48.36
413,7,58,31.69
414,7,59,24.15
415,7,60,40.88
416,7,61,39.95
417,7,62,32.04
418,7,63,42.17
419,7,64,34.84
420,8,9,14.02
421,8,10,20.24
422,8,11,30.55
423,8,12,20.54
424,8,13,24.98
425,8,14,31.09
426,8,15,54.81
427,8,16,31.99
428,8,17,54.01
429,8,18,43.12
430,8,19,25.78
431,8,20,22.16
432,8,21,23.22
433,8,22,27.02
434,8,23,33.85
435,8,24,30.24
436,8,25,41.59
437,8,26,46.37
438,8,27,42.2
439,8,28,75.67
440,8,29,26.58
441,8,30,17.18
442,8,31,21.61
443,8,32,34.15
444,8,33,50.06
445,8,34,29.37
446,8,35,29.66
447,8,36,27.49
448,8,37,26.01
449,8,38,26.36
450,8,39,26.89
451,8,40,26.23
452,8,41,33.35
453,8,42,27.25
454,8,43,29.92
455,8,44,27.04
456,8,45,31.18
457,8,46,37.01
458,8,47,47.59
459,8,48,42.22
460,8,49,48.18
461,8,50,76.12
462,8,51,52.75
463,8,52,64.03
464,8,53,69.64
465,8,54,82.44
466,8,55,63.18
467,8,56,60.38
468,8,57,55.63
469,8,58,38.97
470,8,59,31.43
471,8,60,42.24
472,8,61,47.23
473,8,62,38.16
474,8,63,40.5
475,8,64,33.17
476,9,10,15.25
477,9,11,25.56
478,9,12,15.19
479,9,13,19.63
480,9,14,26.1
481,9,15,49.82
482,9,16,26.63
483,9,17,48.65
484,9,18,37.76
485,9,19,19.8
486,9,20,16.18
487,9,21,20.54
488,9,22,23.5
489,9,23,30.33
490,9,24,27.56
491,9,25,38.43
492,9,26,43.69
493,9,27,5.0
494,9,28,72.99
495,9,29,24.62
496,9,30,15.06
497,9,31,23.0
498,9,32,35.55
499,9,33,51.45
500,9,34,30.76
501,9,35,31.51
502,9,36,28.88
503,9,37,26.22
504,9,38,27.75
505,9,39,25.45
506,9,40,24.79
507,9,41,31.91
508,9,42,43.69
509,9,43,29.91
510,9,44,28.43
511,9,45,32.01
512,9,46,38.4
513,9,47,48.98
514,9,48,43.61
515,9,49,49.57
516,9,50,76.95
517,9,51,53.58
518,9,52,64.86
519,9,53,70.47
520,9,54,83.27
521,9,55,60.5
522,9,56,56.86
523,9,57,52.12
524,9,58,35.45
525,9,59,27.91
526,9,60,37.25
527,9,61,43.71
528,9,62,33.17
529,9,63,35.5
530,9,64,28.18
531,10,11,23.72
532,10,12,18.4
533,10,13,20.3
534,10,14,24.39
535,10,15,48.1
536,10,16,27.3
537,10,17,49.32
538,10,18,38.43
539,10,19,22.07
540,10,20,20.76
541,10,21,25.4
542,10,22,25.4
543,10,23,32.24
544,10,24,32.38
545,10,25,40.33
546,10,26,48.55
547,10,27,44.38
548,10,28,77.55
549,10,29,29.2
550,10,30,19.63
551,10,31,27.94
552,10,32,40.47
553,10,33,56.38
554,10,34,35.7
555,10,35,37.74
556,10,36,33.82
557,10,37,31.09
558,10,38,32.68
559,10,39,30.32
560,10,40,29.65
561,10,41,36.77
562,10,42,30.67
563,10,43,34.78
564,10,44,33.37
565,10,45,36.87
566,10,46,43.34
567,10,47,53.92
568,10,48,48.55
569,10,49,54.51
570,10,50,81.81
571,10,51,58.44
572,10,52,69.72
573,10,53,75.33
574,10,54,88.13
575,10,55,65.06
576,10,56,58.76
577,10,57,54.02
578,10,58,37.35
579,10,59,29.71
580,10,60,34.7
581,10,61,44.77
582,10,62,30.62
583,10,63,32.95
584,10,64,25.63
585,11,12,24.78
586,11,13,26.61
587,11,14,30.36
588,11,15,54.08
589,11,16,33.68
590,11,17,55.7
591,11,18,44.81
592,11,19,28.45
593,11,20,31.06
594,11,21,35.71
595,11,22,34.47
596,11,23,41.31
597,11,24,41.45
598,11,25,49.4
599,11,26,58.52
600,11,27,54.35
601,11,28,86.63
602,11,29,39.5
603,11,30,29.94
604,11,31,38.25
605,11,32,50.78
606,11,33,66.68
607,11,34,46.01
608,11,35,48.05
609,11,36,44.13
610,11,37,41.39
611,11,38,42.98
612,11,39,40.62
613,11,40,39.96
614,11,41,47.07
615,11,42,40.98
616,11,43,45.08
617,11,44,43.68
618,11,45,47.18
619,11,46,53.64
620,11,47,64.22
621,11,48,58.86
622,11,49,64.82
623,11,50,92.11
624,11,51,68.75
625,11,52,80.02
626,11,53,85.64
627,11,54,98.43
628,11,55,74.14
629,11,56,67.83
630,11,57,63.09
631,11,58,46.42
632,11,59,38.78
633,11,60,43.77
634,11,61,53.84
635,11,62,39.69
636,11,63,42.02
637,11,64,34.7
638,12,13,18.59
639,12,14,25.32
640,12,15,49.04
641,12,16,25.59
642,12,17,47.61
643,12,18,36.72
644,12,19,20.31
645,12,20,20.69
646,12,21,25.7
647,12,22,28.21
648,12,23,35.05
649,12,24,32.72
650,12,25,43.14
651,12,26,48.85
652,12,27,44.68
653,12,28,78.15
654,12,29,29.13
655,12,30,19.57
656,12,31,27.88
657,12,32,40.41
658,12,33,56.31
659,12,34,35.64
660,12,35,38.04
661,12,36,33.76
662,12,37,31.39
663,12,38,32.61
664,12,39,30.61
665,12,40,29.95
666,12,41,37.07
667,12,42,30.97
668,12,43,35.07
669,12,44,33.31
670,12,45,37.17
671,12,46,43.27
672,12,47,53.85
673,12,48,48.49
674,12,49,54.45
675,12,50,82.11
676,12,51,58.74
677,12,52,70.02
678,12,53,75.63
679,12,54,88.43
680,12,55,65.66
681,12,56,61.57
682,12,57,56.83
683,12,58,40.16
684,12,59,32.62
685,12,60,40.49
686,12,61,48.42
687,12,62,36.41
688,12,63,38.74
689,12,64,31.42
690,13,14,20.2
691,13,15,44.43
692,13,16,20.27
693,13,17,42.3
694,13,18,31.4
695,13,19,17.52
696,13,20,23.79
697,13,21,30.14
698,13,22,32.65
699,13,23,39.49
700,13,24,37.16
701,13,25,47.58
702,13,26,53.29
703,13,27,49.12
704,13,28,82.6
705,13,29,32.23
706,13,30,22.66
707,13,31,30.97
708,13,32,43.5
709,13,33,59.41
710,13,34,38.73
711,13,35,41.26
712,13,36,36.85
713,13,37,35.83
714,13,38,35.71
715,13,39,35.06
716,13,40,34.39
717,13,41,41.51
718,13,42,35.41
719,13,43,39.28
720,13,44,36.4
721,13,45,40.54
722,13,46,46.36
723,13,47,56.94
724,13,48,51.58
725,13,49,57.54
726,13,50,85.48
727,13,51,62.11
728,13,52,73.39
729,13,53,79.0
730,13,54,91.8
731,13,55,70.11
732,13,56,66.01
733,13,57,61.27
734,13,58,44.6
735,13,59,37.06
736,13,60,43.98
737,13,61,52.86
738,13,62,39.9
739,13,63,42.24
740,13,64,34.91
741,14,15,37.14
742,14,16,15.26
743,14,17,41.16
744,14,18,31.94
745,14,19,25.27
746,14,20,31.61
747,14,21,36.25
748,14,22,36.85
749,14,23,43.69
750,14,24,43.27
751,14,25,51.78
752,14,26,59.4
753,14,27,55.23
754,14,28,88.7
755,14,29,40.05
756,14,30,30.48
757,14,31,38.79
758,14,32,51.32
759,14,33,67.23
760,14,34,46.55
761,14,35,48.59
762,14,36,44.67
763,14,37,41.94
764,14,38,43.53
765,14,39,41.16
766,14,40,40.5
767,14,41,47.62
768,14,42,41.52
769,14,43,45.62
770,14,44,44.22
771,14,45,47.72
772,14,46,54.19
773,14,47,64.76
774,14,48,59.4
775,14,49,65.36
776,14,50,92.66
777,14,51,69.29
778,14,52,80.57
779,14,53,86.18
780,14,54,98.98
781,14,55,76.21
782,14,56,70.21
783,14,57,65.47
784,14,58,48.8
785,14,59,41.26
786,14,60,47.73
787,14,61,57.06
788,14,62,43.65
789,14,63,45.99
790,14,64,38.66
791,15,16,42.65
792,15,17,34.66
793,15,18,55.63
794,15,19,52.71
795,15,20,55.32
796,15,21,59.97
797,15,22,60.57
798,15,23,67.4
799,15,24,66.99
800,15,25,75.5
801,15,26,83.12
802,15,27,78.95
803,15,28,112.42
804,15,29,63.76
805,15,30,54.2
806,15,31,62.51
807,15,32,75.04
808,15,33,90.94
809,15,34,70.27
810,15,35,72.31
811,15,36,68.39
812,15,37,65.65
813,15,38,67.24
814,15,39,64.88
815,15,40,64.22
816,15,41,71.33
817,15,42,65.24
818,15,43,69.34
819,15,44,67.94
820,15,45,71.44
821,15,46,77.9
822,15,47,88.48
823,15,48,83.12
824,15,49,89.08
825,15,50,116.37
826,15,51,93.01
827,15,52,104.28
828,15,53,109.9
829,15,54,122.69
830,15,55,99.93
831,15,56,93.93
832,15,57,89.18
833,15,58,72.52
834,15,59,64.98
835,15,60,71.45
836,15,61,80.78
837,15,62,67.37
838,15,63,69.7
839,15,64,62.38
840,16,17,31.15
841,16,18,21.93
842,16,19,23.69
843,16,20,30.31
844,16,21,37.15
845,16,22,39.65
846,16,23,46.49
847,16,24,44.17
848,16,25,54.58
849,16,26,60.3
850,16,27,56.13
851,16,28,89.6
852,16,29,38.76
853,16,30,29.19
854,16,31,37.5
855,16,32,50.03
856,16,33,65.93
857,16,34,45.26
858,16,35,47.79
859,16,36,43.38
860,16,37,42.83
861,16,38,42.24
862,16,39,42.06
863,16,40,41.4
864,16,41,48.51
865,16,42,42.41
866,16,43,45.81
867,16,44,42.93
868,16,45,47.07
869,16,46,52.89
870,16,47,63.47
871,16,48,58.11
872,16,49,64.07
873,16,50,92.01
874,16,51,68.64
875,16,52,79.92
876,16,53,85.53
877,16,54,98.33
878,16,55,77.11
879,16,56,73.01
880,16,57,68.27
881,16,58,51.6
882,16,59,44.06
883,16,60,51.05
884,16,61,59.86
885,16,62,46.97
886,16,63,49.3
887,16,64,41.98
888,17,18,42.77
889,17,19,45.72
890,17,20,52.34
891,17,21,59.17
892,17,22,61.67
893,17,23,68.51
894,17,24,66.19
895,17,25,76.6
896,17,26,82.32
897,17,27,78.15
898,17,28,111.62
899,17,29,60.78
900,17,30,51.21
901,17,31,59.52
902,17,32,72.05
903,17,33,87.96
904,17,34,67.28
905,17,35,69.81
906,17,36,65.4
907,17,37,64.85
908,17,38,64.26
909,17,39,64.08
910,17,40,63.42
911,17,41,70.53
912,17,42,64.43
913,17,43,67.83
914,17,44,64.95
915,17,45,69.09
916,17,46,74.91
917,17,47,85.49
918,17,48,80.13
919,17,49,86.09
920,17,50,114.03
921,17,51,90.66
922,17,52,101.94
923,17,53,107.55
924,17,54,120.35
925,17,55,99.13
926,17,56,95.03
927,17,57,90.29
928,17,58,73.62
929,17,59,66.08
930,17,60,73.07
931,17,61,81.88
932,17,62,68.99
933,17,63,71.32
934,17,64,64.0
935,18,19,34.83
936,18,20,41.45
937,18,21,48.28
938,18,22,50.78
939,18,23,57.62
940,18,24,55.3
941,18,25,65.71
942,18,26,71.43
943,18,27,67.26
944,18,28,100.73
945,18,29,49.89
946,18,30,40.32
947,18,31,48.63
948,18,32,61.16
949,18,33,77.07
950,18,34,56.39
951,18,35,58.92
952,18,36,54.51
953,18,37,53.96
954,18,38,53.37
955,18,39,53.19
956,18,40,52.53
957,18,41,59.64
958,18,42,53.54
959,18,43,56.94
960,18,44,54.06
961,18,45,58.2
962,18,46,64.02
963,18,47,74.6
964,18,48,69.24
965,18,49,75.2
966,18,50,103.14
967,18,51,79.77
968,18,52,91.05
969,18,53,96.66
970,18,54,109.46
971,18,55,88.24
972,18,56,84.14
973,18,57,79.4
974,18,58,62.73
975,18,59,55.19
976,18,60,62.18
977,18,61,70.99
978,18,62,58.1
979,18,63,60.43
980,18,64,53.11
981,19,20,23.01
982,19,21,31.09
983,19,22,33.6
984,19,23,40.44
985,19,24,38.11
986,19,25,48.53
987,19,26,54.24
988,19,27,50.08
989,19,28,83.55
990,19,29,31.45
991,19,30,21.88
992,19,31,30.19
993,19,32,42.72
994,19,33,58.63
995,19,34,37.95
996,19,35,40.48
997,19,36,36.07
998,19,37,36.78
999,19,38,34.93
1000,19,39,36.01
1001,19,40,35.34
1002,19,41,42.46
1003,19,42,36.15
1004,19,43,38.5
1005,19,44,35.62
1006,19,45,39.76
1007,19,46,45.59
1008,19,47,56.17
1009,19,48,50.8
1010,19,49,56.76
1011,19,50,84.7
1012,19,51,61.33
1013,19,52,72.61
1014,19,53,78.22
1015,19,54,91.02
1016,19,55,71.06
1017,19,56,66.96
1018,19,57,62.22
1019,19,58,45.55
1020,19,59,38.01
1021,19,60,45.82
1022,19,61,53.81
1023,19,62,41.74
1024,19,63,44.07
1025,19,64,36.74
1026,20,21,27.65
1027,20,22,30.47
1028,20,23,37.31
1029,20,24,34.67
1030,20,25,45.4
1031,20,26,50.8
1032,20,27,46.63
1033,20,28,80.1
1034,20,29,24.39
1035,20,30,14.82
1036,20,31,23.14
1037,20,32,35.66
1038,20,33,51.57
1039,20,34,30.89
1040,20,35,33.42
1041,20,36,29.01
1042,20,37,30.7
1043,20,38,27.87
1044,20,39,32.56
1045,20,40,31.23
1046,20,41,39.02
1047,20,42,29.1
1048,20,43,31.44
1049,20,44,28.56
1050,20,45,32.71
1051,20,46,38.53
1052,20,47,49.11
1053,20,48,43.74
1054,20,49,49.7
1055,20,50,77.64
1056,20,51,54.28
1057,20,52,65.55
1058,20,53,71.17
1059,20,54,83.96
1060,20,55,67.61
1061,20,56,63.83
1062,20,57,59.09
1063,20,58,42.42
1064,20,59,34.88
1065,20,60,42.76
1066,20,61,50.68
1067,20,62,38.68
1068,20,63,41.01
1069,20,64,33.68
1070,21,22,10.49
1071,21,23,15.81
1072,21,24,12.02
1073,21,25,23.37
1074,21,26,28.15
1075,21,27,23.98
1076,21,28,57.45
1077,21,29,36.09
1078,21,30,26.53
1079,21,31,30.95
1080,21,32,42.53
1081,21,33,58.43
1082,21,34,32.31
1083,21,35,29.38
1084,21,36,27.68
1085,21,37,18.57
1086,21,38,32.57
1087,21,39,17.78
1088,21,40,16.13
1089,21,41,17.38
1090,21,42,18.15
1091,21,43,21.0
1092,21,44,23.23
1093,21,45,24.35
1094,21,46,32.79
1095,21,47,44.18
1096,21,48,36.34
1097,21,49,44.77
1098,21,50,69.28
1099,21,51,42.58
1100,21,52,57.19
1101,21,53,62.81
1102,21,54,70.72
1103,21,55,44.96
1104,21,56,47.9
1105,21,57,43.16
1106,21,58,26.49
1107,21,59,18.95
1108,21,60,38.16
1109,21,61,34.75
1110,21,62,29.32
1111,21,63,43.57
1112,21,64,36.25
1113,22,23,12.61
1114,22,24,13.8
1115,22,25,20.7
1116,22,26,30.87
1117,22,27,26.7
1118,22,28,58.02
1119,22,29,38.91
1120,22,30,29.35
1121,22,31,34.84
1122,22,32,46.42
1123,22,33,62.32
1124,22,34,36.2
1125,22,35,33.27
1126,22,36,31.57
1127,22,37,22.46
1128,22,38,36.45
1129,22,39,21.45
1130,22,40,18.87
1131,22,41,20.12
1132,22,42,22.03
1133,22,43,23.74
1134,22,44,27.12
1135,22,45,27.73
1136,22,46,36.17
1137,22,47,47.56
1138,22,48,39.73
1139,22,49,48.15
1140,22,50,72.67
1141,22,51,45.33
1142,22,52,60.58
1143,22,53,66.19
1144,22,54,71.29
1145,22,55,45.53
1146,22,56,45.01
1147,22,57,40.27
1148,22,58,23.6
1149,22,59,16.06
1150,22,60,35.27
1151,22,61,31.86
1152,22,62,26.43
1153,22,63,42.29
1154,22,64,34.96
1155,23,24,18.44
1156,23,25,19.54
1157,23,26,32.87
1158,23,27,25.87
1159,23,28,56.86
1160,23,29,45.75
1161,23,30,36.19
1162,23,31,41.68
1163,23,32,53.25
1164,23,33,69.16
1165,23,34,43.04
1166,23,35,40.11
1167,23,36,38.41
1168,23,37,29.3
1169,23,38,43.29
1170,23,39,26.78
1171,23,40,24.19
1172,23,41,25.45
1173,23,42,27.69
1174,23,43,29.06
1175,23,44,33.96
1176,23,45,33.05
1177,23,46,41.49
1178,23,47,52.88
1179,23,48,45.05
1180,23,49,53.48
1181,23,50,77.99
1182,23,51,50.65
1183,23,52,65.9
1184,23,53,71.51
1185,23,54,70.12
1186,23,55,44.37
1187,23,56,51.85
1188,23,57,47.1
1189,23,58,30.43
1190,23,59,22.9
1191,23,60,42.1
1192,23,61,38.7
1193,23,62,33.27
1194,23,63,49.13
1195,23,64,41.8
1196,24,25,22.24
1197,24,26,27.21
1198,24,27,23.04
1199,24,28,56.32
1200,24,29,43.11
1201,24,30,33.55
1202,24,31,37.97
1203,24,32,49.55
1204,24,33,65.45
1205,24,34,39.33
1206,24,35,36.4
1207,24,36,34.7
1208,24,37,25.59
1209,24,38,39.59
1210,24,39,22.79
1211,24,40,20.2
1212,24,41,21.46
1213,24,42,23.7
1214,24,43,25.07
1215,24,44,30.25
1216,24,45,29.06
1217,24,46,37.5
1218,24,47,48.89
1219,24,48,41.06
1220,24,49,49.49
1221,24,50,74.0
1222,24,51,46.66
1223,24,52,61.91
1224,24,53,67.52
1225,24,54,69.59
1226,24,55,43.83
1227,24,56,51.98
1228,24,57,47.24
1229,24,58,30.57
1230,24,59,23.03
1231,24,60,42.24
1232,24,61,38.83
1233,24,62,33.4
1234,24,63,49.26
1235,24,64,41.94
1236,25,26,36.67
1237,25,27,25.2
1238,25,28,55.34
1239,25,29,53.85
1240,25,30,44.28
1241,25,31,49.33
1242,25,32,60.9
1243,25,33,76.8
1244,25,34,50.69
1245,25,35,47.76
1246,25,36,46.06
1247,25,37,36.95
1248,25,38,50.94
1249,25,39,34.2
1250,25,40,31.61
1251,25,41,32.87
1252,25,42,35.11
1253,25,43,36.48
1254,25,44,41.61
1255,25,45,40.47
1256,25,46,48.91
1257,25,47,60.3
1258,25,48,52.47
1259,25,49,60.9
1260,25,50,85.41
1261,25,51,58.07
1262,25,52,66.51
1263,25,53,78.05
1264,25,54,68.61
1265,25,55,42.85
1266,25,56,59.94
1267,25,57,55.2
1268,25,58,38.53
1269,25,59,30.99
1270,25,60,50.2
1271,25,61,46.79
1272,25,62,41.36
1273,25,63,57.22
1274,25,64,49.89
1275,26,27,29.37
1276,26,28,70.75
1277,26,29,59.24
1278,26,30,49.68
1279,26,31,52.84
1280,26,32,64.42
1281,26,33,80.32
1282,26,34,54.2
1283,26,35,52.53
1284,26,36,49.58
1285,26,37,40.7
1286,26,38,54.46
1287,26,39,37.5
1288,26,40,34.91
1289,26,41,36.17
1290,26,42,38.41
1291,26,43,39.78
1292,26,44,45.12
1293,26,45,43.77
1294,26,46,52.21
1295,26,47,63.6
1296,26,48,55.77
1297,26,49,64.2
1298,26,50,88.71
1299,26,51,61.37
1300,26,52,76.62
1301,26,53,82.23
1302,26,54,84.02
1303,26,55,58.26
1304,26,56,69.06
1305,26,57,64.31
1306,26,58,47.65
1307,26,59,40.11
1308,26,60,59.32
1309,26,61,55.91
1310,26,62,50.48
1311,26,63,66.34
1312,26,64,59.01
1313,27,28,59.21
1314,27,29,55.07
1315,27,30,45.51
1316,27,31,48.67
1317,27,32,60.25
1318,27,33,76.15
1319,27,34,50.03
1320,27,35,48.37
1321,27,36,45.41
1322,27,37,36.53
1323,27,38,50.29
1324,27,39,33.33
1325,27,40,30.74
1326,27,41,32.0
1327,27,42,34.24
1328,27,43,35.61
1329,27,44,40.96
1330,27,45,39.6
1331,27,46,48.05
1332,27,47,59.43
1333,27,48,51.6
1334,27,49,60.03
1335,27,50,84.54
1336,27,51,57.2
1337,27,52,70.38
1338,27,53,78.06
1339,27,54,72.48
1340,27,55,46.72
1341,27,56,64.89
1342,27,57,60.15
1343,27,58,43.48
1344,27,59,35.94
1345,27,60,55.15
1346,27,61,51.74
1347,27,62,46.31
1348,27,63,62.17
1349,27,64,54.84
1350,28,29,88.54
1351,28,30,78.98
1352,28,31,83.4
1353,28,32,94.98
1354,28,33,110.88
1355,28,34,84.76
1356,28,35,81.84
1357,28,36,80.14
1358,28,37,71.03
1359,28,38,85.02
1360,28,39,68.27
1361,28,40,65.69
1362,28,41,66.94
1363,28,42,69.19
1364,28,43,70.56
1365,28,44,75.69
1366,28,45,74.55
1367,28,46,82.99
1368,28,47,94.38
1369,28,48,86.55
1370,28,49,94.97
1371,28,50,105.45
1372,28,51,91.56
1373,28,52,71.26
1374,28,53,82.8
1375,28,54,67.08
1376,28,55,39.86
1377,28,56,97.16
1378,28,57,92.42
1379,28,58,75.75
1380,28,59,68.21
1381,28,60,87.42
1382,28,61,84.01
1383,28,62,78.58
1384,28,63,94.44
1385,28,64,87.12
1386,29,30,17.53
1387,29,31,24.3
1388,29,32,29.57
1389,29,33,45.56
1390,29,34,31.27
1391,29,35,35.95
1392,29,36,31.54
1393,29,37,33.23
1394,29,38,23.68
1395,29,39,36.85
1396,29,40,33.76
1397,29,41,42.1
1398,29,42,31.63
1399,29,43,33.97
1400,29,44,31.09
1401,29,45,35.24
1402,29,46,40.12
1403,29,47,50.7
1404,29,48,46.27
1405,29,49,51.3
1406,29,50,80.17
1407,29,51,56.81
1408,29,52,68.08
1409,29,53,73.7
1410,29,54,86.49
1411,29,55,76.06
1412,29,56,72.28
1413,29,57,67.53
1414,29,58,50.86
1415,29,59,43.32
1416,29,60,51.2
1417,29,61,59.12
1418,29,62,47.12
1419,29,63,49.45
1420,29,64,42.12
1421,30,31,16.27
1422,30,32,28.8
1423,30,33,44.71
1424,30,34,24.03
1425,30,35,26.56
1426,30,36,22.15
1427,30,37,23.83
1428,30,38,21.01
1429,30,39,27.46
1430,30,40,24.37
1431,30,41,32.71
1432,30,42,22.23
1433,30,43,24.58
1434,30,44,21.7
1435,30,45,25.84
1436,30,46,31.67
1437,30,47,42.25
1438,30,48,36.88
1439,30,49,42.84
1440,30,50,70.78
1441,30,51,47.41
1442,30,52,58.69
1443,30,53,64.3
1444,30,54,77.1
1445,30,55,66.49
1446,30,56,62.71
1447,30,57,57.97
1448,30,58,41.3
1449,30,59,33.76
1450,30,60,41.63
1451,30,61,49.56
1452,30,62,37.55
1453,30,63,39.89
1454,30,64,32.56
1455,31,32,27.54
1456,31,33,43.45
1457,31,34,25.05
1458,31,35,28.45
1459,31,36,24.04
1460,31,37,25.73
1461,31,38,18.16
1462,31,39,29.35
1463,31,40,26.26
1464,31,41,34.6
1465,31,42,24.13
1466,31,43,26.47
1467,31,44,23.59
1468,31,45,27.74
1469,31,46,33.56
1470,31,47,44.14
1471,31,48,38.77
1472,31,49,44.73
1473,31,50,72.67
1474,31,51,49.31
1475,31,52,60.58
1476,31,53,66.2
1477,31,54,78.99
1478,31,55,70.92
1479,31,56,69.36
1480,31,57,64.62
1481,31,58,47.95
1482,31,59,40.41
1483,31,60,49.94
1484,31,61,56.21
1485,31,62,45.86
1486,31,63,48.2
1487,31,64,40.87
1488,32,33,31.94
1489,32,34,32.36
1490,32,35,40.02
1491,32,36,35.57
1492,32,37,37.3
1493,32,38,22.75
1494,32,39,40.92
1495,32,40,37.84
1496,32,41,46.18
1497,32,42,35.7
1498,32,43,38.04
1499,32,44,35.17
1500,32,45,39.31
1501,32,46,43.37
1502,32,47,53.95
1503,32,48,50.35
1504,32,49,54.54
1505,32,50,84.16
1506,32,51,60.88
1507,32,52,72.16
1508,32,53,77.77
1509,32,54,90.56
1510,32,55,82.49
1511,32,56,81.22
1512,32,57,76.47
1513,32,58,59.8
1514,32,59,52.27
1515,32,60,62.47
1516,32,61,68.07
1517,32,62,58.39
1518,32,63,60.73
1519,32,64,53.4
1520,33,34,36.73
1521,33,35,55.93
1522,33,36,48.61
1523,33,37,53.2
1524,33,38,37.45
1525,33,39,56.83
1526,33,40,53.74
1527,33,41,62.08
1528,33,42,51.6
1529,33,43,53.95
1530,33,44,48.85
1531,33,45,55.07
1532,33,46,53.09
1533,33,47,63.67
1534,33,48,61.04
1535,33,49,76.63
1536,33,50,93.88
1537,33,51,76.78
1538,33,52,88.06
1539,33,53,93.67
1540,33,54,106.47
1541,33,55,98.39
1542,33,56,97.12
1543,33,57,92.38
1544,33,58,75.71
1545,33,59,68.17
1546,33,60,78.38
1547,33,61,83.97
1548,33,62,74.3
1549,33,63,76.63
1550,33,64,69.3
1551,34,35,29.81
1552,34,36,21.36
1553,34,37,27.09
1554,34,38,23.15
1555,34,39,30.71
1556,34,40,27.62
1557,34,41,35.96
1558,34,42,25.48
1559,34,43,27.83
1560,34,44,21.59
1561,34,45,27.82
1562,34,46,25.84
1563,34,47,36.42
1564,34,48,33.79
1565,34,49,37.01
1566,34,50,66.63
1567,34,51,50.67
1568,34,52,61.94
1569,34,53,67.56
1570,34,54,80.35
1571,34,55,72.27
1572,34,56,71.0
1573,34,57,66.26
1574,34,58,49.59
1575,34,59,42.05
1576,34,60,57.7
1577,34,61,57.85
1578,34,62,50.41
1579,34,63,55.95
1580,34,64,48.63
1581,35,36,27.73
1582,35,37,25.2
1583,35,38,30.06
1584,35,39,30.11
1585,35,40,27.4
1586,35,41,35.74
1587,35,42,25.26
1588,35,43,27.6
1589,35,44,24.73
1590,35,45,28.87
1591,35,46,35.24
1592,35,47,46.62
1593,35,48,39.9
1594,35,49,47.22
1595,35,50,73.8
1596,35,51,50.44
1597,35,52,61.71
1598,35,53,67.33
1599,35,54,80.12
1600,35,55,69.35
1601,35,56,67.86
1602,35,57,63.12
1603,35,58,46.45
1604,35,59,38.91
1605,35,60,55.64
1606,35,61,54.71
1607,35,62,46.8
1608,35,63,57.99
1609,35,64,50.67
1610,36,37,24.54
1611,36,38,25.61
1612,36,39,26.08
1613,36,40,22.94
1614,36,41,31.33
1615,36,42,20.8
1616,36,43,23.14
1617,36,44,17.48
1618,36,45,23.71
1619,36,46,27.15
1620,36,47,38.54
1621,36,48,31.82
1622,36,49,39.14
1623,36,50,67.41
1624,36,51,45.98
1625,36,52,57.26
1626,36,53,62.87
1627,36,54,75.67
1628,36,55,67.65
1629,36,56,66.37
1630,36,57,61.63
1631,36,58,44.96
1632,36,59,37.42
1633,36,60,55.65
1634,36,61,53.22
1635,36,62,46.81
1636,36,63,54.07
1637,36,64,46.75
1638,37,38,27.34
1639,37,39,18.09
1640,37,40,17.13
1641,37,41,24.25
1642,37,42,18.15
1643,37,43,22.26
1644,37,44,21.54
1645,37,45,24.35
1646,37,46,32.05
1647,37,47,43.43
1648,37,48,36.35
1649,37,49,44.03
1650,37,50,69.29
1651,37,51,45.92
1652,37,52,57.2
1653,37,53,62.81
1654,37,54,75.61
1655,37,55,42.69
1656,37,56,57.26
1657,37,57,52.52
1658,37,58,35.85
1659,37,59,28.31
1660,37,60,46.54
1661,37,61,44.11
1662,37,62,37.7
1663,37,63,50.02
1664,37,64,42.69
1665,38,39,30.96
1666,38,40,27.88
1667,38,41,36.22
1668,38,42,25.74
1669,38,43,28.08
1670,38,44,25.21
1671,38,45,29.35
1672,38,46,33.41
1673,38,47,43.99
1674,38,48,40.38
1675,38,49,44.58
1676,38,50,74.19
1677,38,51,50.92
1678,38,52,62.19
1679,38,53,67.81
1680,38,54,80.6
1681,38,55,72.53
1682,38,56,71.26
1683,38,57,66.51
1684,38,58,49.84
1685,38,59,42.3
1686,38,60,54.68
1687,38,61,58.1
1688,38,62,50.6
1689,38,63,52.93
1690,38,64,45.61
1691,39,40,10.38
1692,39,41,17.48
1693,39,42,14.54
1694,39,43,15.55
1695,39,44,21.63
1696,39,45,19.02
1697,39,46,27.46
1698,39,47,38.85
1699,39,48,31.01
1700,39,49,39.44
1701,39,50,63.95
1702,39,51,40.59
1703,39,52,51.86
1704,39,53,57.48
1705,39,54,70.27
1706,39,55,55.78
1707,39,56,56.47
1708,39,57,51.73
1709,39,58,35.06
1710,39,59,27.52
1711,39,60,45.76
1712,39,61,43.32
1713,39,62,36.92
1714,39,63,49.23
1715,39,64,41.91
1716,40,41,14.87
1717,40,42,11.56
1718,40,43,10.44
1719,40,44,18.48
1720,40,45,14.09
1721,40,46,22.53
1722,40,47,33.92
1723,40,48,26.09
1724,40,49,34.51
1725,40,50,59.03
1726,40,51,35.66
1727,40,52,46.94
1728,40,53,52.55
1729,40,54,65.35
1730,40,55,53.2
1731,40,56,55.82
1732,40,57,51.08
1733,40,58,34.41
1734,40,59,26.87
1735,40,60,45.1
1736,40,61,42.67
1737,40,62,36.27
1738,40,63,48.58
1739,40,64,41.26
1740,41,42,19.75
1741,41,43,15.11
1742,41,44,26.88
1743,41,45,21.76
1744,41,46,30.21
1745,41,47,41.59
1746,41,48,32.61
1747,41,49,42.19
1748,41,50,65.55
1749,41,51,36.69
1750,41,52,53.04
1751,41,53,58.66
1752,41,54,71.45
1753,41,55,54.45
1754,41,56,58.31
1755,41,57,53.57
1756,41,58,36.9
1757,41,59,29.36
1758,41,60,48.57
1759,41,61,45.16
1760,41,62,39.73
1761,41,63,55.59
1762,41,64,48.26
1763,42,43,11.76
1764,42,44,16.35
1765,42,45,13.03
1766,42,46,21.47
1767,42,47,32.86
1768,42,48,25.03
1769,42,49,33.45
1770,42,50,57.96
1771,42,51,34.6
1772,42,52,45.87
1773,42,53,51.49
1774,42,54,64.28
1775,42,55,56.7
1776,42,56,56.84
1777,42,57,52.09
1778,42,58,35.42
1779,42,59,27.88
1780,42,60,46.12
1781,42,61,43.68
1782,42,62,37.28
1783,42,63,49.6
1784,42,64,42.28
1785,43,44,18.69
1786,43,45,11.66
1787,43,46,20.1
1788,43,47,31.48
1789,43,48,22.51
1790,43,49,32.08
1791,43,50,55.44
1792,43,51,31.66
1793,43,52,42.94
1794,43,53,48.55
1795,43,54,61.35
1796,43,55,58.07
1797,43,56,60.94
1798,43,57,56.2
1799,43,58,39.53
1800,43,59,31.99
1801,43,60,50.23
1802,43,61,47.79
1803,43,62,41.39
1804,43,63,53.71
1805,43,64,46.38
1806,44,45,17.46
1807,44,46,20.9
1808,44,47,32.29
1809,44,48,25.57
1810,44,49,32.88
1811,44,50,61.15
1812,44,51,41.53
1813,44,52,52.8
1814,44,53,58.42
1815,44,54,71.21
1816,44,55,63.2
1817,44,56,61.92
1818,44,57,57.18
1819,44,58,40.51
1820,44,59,32.97
1821,44,60,51.2
1822,44,61,48.77
1823,44,62,42.36
1824,44,63,53.62
1825,44,64,46.3
1826,45,46,16.85
1827,45,47,28.24
1828,45,48,17.0
1829,45,49,28.83
1830,45,50,49.93
1831,45,51,32.34
1832,45,52,43.61
1833,45,53,49.23
1834,45,54,62.02
1835,45,55,62.06
1836,45,56,63.04
1837,45,57,58.3
1838,45,58,41.63
1839,45,59,34.09
1840,45,60,52.33
1841,45,61,49.89
1842,45,62,43.49
1843,45,63,55.81
1844,45,64,48.48
1845,46,47,27.52
1846,46,48,24.5
1847,46,49,28.11
1848,46,50,57.73
1849,46,51,42.93
1850,46,52,54.21
1851,46,53,59.82
1852,46,54,72.62
1853,46,55,70.5
1854,46,56,71.48
1855,46,57,66.74
1856,46,58,50.07
1857,46,59,42.53
1858,46,60,60.77
1859,46,61,58.33
1860,46,62,51.93
1861,46,63,63.59
1862,46,64,56.26
1863,47,48,27.01
1864,47,49,23.48
1865,47,50,53.93
1866,47,51,54.32
1867,47,52,65.11
1868,47,53,70.72
1869,47,54,83.52
1870,47,55,81.89
1871,47,56,82.87
1872,47,57,78.13
1873,47,58,61.46
1874,47,59,53.92
1875,47,60,72.15
1876,47,61,69.72
1877,47,62,63.32
1878,47,63,74.17
1879,47,64,66.84
1880,48,49,24.19
1881,48,50,48.3
1882,48,51,39.12
1883,48,52,49.26
1884,48,53,54.88
1885,48,54,67.67
1886,48,55,74.06
1887,48,56,75.03
1888,48,57,70.29
1889,48,58,53.62
1890,48,59,46.08
1891,48,60,64.32
1892,48,61,61.88
1893,48,62,55.48
1894,48,63,67.8
1895,48,64,60.47
1896,49,50,100.74
1897,49,51,77.38
1898,49,52,88.65
1899,49,53,94.27
1900,49,54,107.06
1901,49,55,81.95
1902,49,56,68.59
1903,49,57,63.84
1904,49,58,46.12
1905,49,59,37.75
1906,49,60,37.98
1907,49,61,46.06
1908,49,62,25.46
1909,49,63,25.46
1910,49,64,26.42
1911,50,51,61.27
1912,50,52,56.15
1913,50,53,42.05
1914,50,54,80.24
1915,50,55,94.06
1916,50,56,107.97
1917,50,57,103.23
1918,50,58,86.56
1919,50,59,79.02
1920,50,60,97.26
1921,50,61,94.82
1922,50,62,88.42
1923,50,63,100.74
1924,50,64,93.41
1925,51,52,47.94
1926,51,53,53.56
1927,51,54,66.35
1928,51,55,79.66
1929,51,56,83.51
1930,51,57,78.77
1931,51,58,62.1
1932,51,59,54.56
1933,51,60,73.77
1934,51,61,70.36
1935,51,62,64.93
1936,51,63,77.38
1937,51,64,70.05
1938,52,53,25.61
1939,52,54,32.46
1940,52,55,59.88
1941,52,56,95.88
1942,52,57,91.14
1943,52,58,74.47
1944,52,59,66.93
1945,52,60,85.17
1946,52,61,82.73
1947,52,62,76.33
1948,52,63,88.65
1949,52,64,81.32
1950,53,54,50.54
1951,53,55,71.41
1952,53,56,101.5
1953,53,57,96.76
1954,53,58,80.09
1955,53,59,72.55
1956,53,60,90.79
1957,53,61,88.35
1958,53,62,81.95
1959,53,63,94.27
1960,53,64,86.94
1961,54,55,61.97
1962,54,56,110.43
1963,54,57,105.69
1964,54,58,89.02
1965,54,59,81.48
1966,54,60,100.69
1967,54,61,97.28
1968,54,62,91.85
1969,54,63,107.06
1970,54,64,99.73
1971,55,56,84.67
1972,55,57,79.93
1973,55,58,63.26
1974,55,59,55.72
1975,55,60,74.93
1976,55,61,71.52
1977,55,62,66.09
1978,55,63,81.95
1979,55,64,74.63
1980,56,57,31.57
1981,56,58,31.57
1982,56,59,41.73
1983,56,60,57.64
1984,56,61,54.23
1985,56,62,48.8
1986,56,63,68.59
1987,56,64,67.25
1988,57,58,28.08
1989,57,59,36.99
1990,57,60,52.9
1991,57,61,48.19
1992,57,62,44.06
1993,57,63,63.84
1994,57,64,62.51
1995,58,59,20.32
1996,58,60,35.17
1997,58,61,30.1
1998,58,62,26.34
1999,58,63,46.12
2000,58,64,44.79
2001,59,60,26.8
2002,59,61,26.96
2003,59,62,17.96
2004,59,63,37.75
2005,59,64,36.41
2006,60,61,35.11
2007,60,62,25.46
2008,60,63,37.98
2009,60,64,34.66
2010,61,62,26.27
2011,61,63,46.06
2012,61,64,44.72
2013,62,63,25.46
2014,62,64,24.12
2015,63,64,26.42
